nama_ptn,singkatan,website,alamat,kota,provinsi,tahun_berdiri,status,akreditasi,logo_url,sumber
INSTITUT PERTANIAN BOGOR,IPB,https://www.ipb.ac.id,"Jl. Raya Dramaga, Kampus IPB Dramaga, Bogor 16680",Bogor,Jawa Barat,1963,PTN-BH,Unggul,,https://id.wikipedia.org/wiki/Institut_Pertanian_Bogor
INSTITUT TEKNOLOGI BANDUNG,ITB,https://www.itb.ac.id,"Jl. Ganesha No. 10, Bandung 40132",Bandung,Jawa Barat,1959,PTN-BH,Unggul,,https://id.wikipedia.org/wiki/Institut_Teknologi_Bandung
INSTITUT TEKNOLOGI BJ. HABIBIE SULAWESI SELATAN,PPNP,https://ith.ac.id,"Kampus 1 Jl. Balai Kota No. 1 / Kampus 2 Jl. Pemuda No. 6, Kota Parepare",Parepare,Sulawesi Selatan,2014,,,,https://id.wikipedia.org/wiki/Institut_Teknologi_Bacharuddin_Jusuf_Habibie
INSTITUT TEKNOLOGI KALIMANTAN,ITK,https://itk.ac.id,"Jl. Soekarno-Hatta Km. 15, Karang Joang, Balikpapan Utara, Balikpapan",Balikpapan,Kalimantan Timur,2014,Satker,B,,https://id.wikipedia.org/wiki/Institut_Teknologi_Kalimantan
INSTITUT TEKNOLOGI SEPULUH NOPEMBER,ITS,https://www.its.ac.id,"Kampus ITS Sukolilo, Jl. Raya ITS, Keputih, Sukolilo, Surabaya 60111",Surabaya,Jawa Timur,1957,PTN-BH,Unggul,,https://www.its.ac.id/id/tentang-its/profil-singkat/
INSTITUT TEKNOLOGI SUMATERA,ITERA,https://www.itera.ac.id,"Jl. Terusan Ryacudu, Way Hui, Jati Agung, Lampung Selatan",Lampung Selatan,Lampung,2014,Satker,,,https://en.wikipedia.org/wiki/Sumatra_Institute_of_Technology
ISBI ACEH,ISBI ACEH,https://isbiaceh.ac.id,"Jl. Transmigrasi No. 62, Kota Jantho",Aceh Besar,Aceh,2014,,Baik,,https://id.wikipedia.org/wiki/Institut_Seni_Budaya_Indonesia_Aceh
ISBI BANDUNG,ISBI BANDUNG,https://isbi.ac.id,"Jl. Buah Batu No. 212, Bandung",Bandung,Jawa Barat,1968,,Baik Sekali,,"https://en.wikipedia.org/wiki/Institute_of_Indonesian_Arts_and_Culture,_Bandung"
ISBI TANAH PAPUA,ISBI TANAH PAPUA,https://isbi-tanahpapua.ac.id,"Jl. Kampwolker, Perumnas 3 Waena, Kompleks FIK Kampus UNCEN Atas Waena, Kab. Jayapura",Jayapura,Papua,2014,,,,https://isbi-tanahpapua.ac.id/
ISI DENPASAR,ISI DENPASAR,,"Jl. Nusa Indah, Denpasar",Denpasar,Bali,2003,,,,https://id.wikipedia.org/wiki/Institut_Seni_Indonesia_Denpasar
ISI PADANG PANJANG,ISI PADANG PANJANG,https://www.isi-padangpanjang.ac.id,"Jl. Bahder Johan, Kota Padang Panjang 27128",Padang Panjang,Sumatera Barat,2010,,B,,https://id.wikipedia.org/wiki/Institut_Seni_Indonesia_Padang_Panjang
ISI SURAKARTA,ISI SURAKARTA,https://isi-ska.ac.id,"Jl. Ki Hajar Dewantara, Kentingan, Jebres, Surakarta",Surakarta,Jawa Tengah,2006,,Baik Sekali,,https://id.wikipedia.org/wiki/Institut_Seni_Indonesia_Surakarta
ISI YOGYAKARTA,ISI YOGYAKARTA,,"Jl. Parangtritis Km. 6,5, Sewon, Panggungharjo, Bantul 55188",Bantul,Daerah Istimewa Yogyakarta,1984,,,,https://id.wikipedia.org/wiki/Institut_Seni_Indonesia_Yogyakarta
POLITEKNIK ELEKTRONIKA NEGERI SURABAYA (PENS),PENS,https://www.pens.ac.id,"Jl. Raya ITS, Kampus PENS, Sukolilo, Surabaya",Surabaya,Jawa Timur,1988,BLU,Unggul,,https://id.wikipedia.org/wiki/Politeknik_Elektronika_Negeri_Surabaya
POLITEKNIK MANUFAKTUR BANDUNG,POLMAN BANDUNG,https://polman-bandung.ac.id,"Jl. Kanayakan No. 21, Bandung",Bandung,Jawa Barat,1977,,,,https://polman-bandung.ac.id/sejarah-polman/
POLITEKNIK MANUFAKTUR NEGERI BANGKA BELITUNG,POLMAN BABEL,https://polman-babel.ac.id,"Jl. Timah Raya Airkantung, Sungailiat, Bangka 33211",Sungailiat,Kepulauan Bangka Belitung,1994,,Baik,,https://id.wikipedia.org/wiki/Politeknik_Manufaktur_Negeri_Bangka_Belitung
POLITEKNIK NEGERI AMBON,POLNAM,https://polnam.ac.id,"Jl. Ir. M. Putuhena, Rumah Tiga",Ambon,Maluku,1982,,B,,https://polnam.ac.id/profil-polnam/
POLITEKNIK NEGERI BALI,PNB,https://www.pnb.ac.id,"Jl. Raya Uluwatu No. 45, Jimbaran, Kuta Selatan, Badung 80364",Badung,Bali,1997,,B,,https://id.wikipedia.org/wiki/Politeknik_Negeri_Bali
POLITEKNIK NEGERI BALIKPAPAN,POLTEKBA,https://poltekba.ac.id,"Jl. Soekarno Hatta Km. 8, Balikpapan 76126",Balikpapan,Kalimantan Timur,2011,,Baik Sekali,,https://poltekba.ac.id/sejarah-politeknik-negeri-balikpapan/
POLITEKNIK NEGERI BANDUNG,POLBAN,https://www.polban.ac.id,"Jl. Gegerkalong Hilir, Ciwaruga, Parongpong, Bandung Barat",Bandung Barat,Jawa Barat,1979,BLU,Unggul,,https://www.polban.ac.id/polban-ditetapkan-menjadi-instansi-pemerintah-dengan-pengelolaan-keuangan-badan-layanan-umum-pk-blu/
POLITEKNIK NEGERI BANJARMASIN,POLIBAN,https://poliban.ac.id,"Jl. Brig Jend. Hasan Basri, Pangeran, Kec. Banjarmasin Utara",Banjarmasin,Kalimantan Selatan,1987,,,,https://id.wikipedia.org/wiki/Politeknik_Negeri_Banjarmasin
POLITEKNIK NEGERI BANYUWANGI,POLIWANGI,https://poliwangi.ac.id,"Desa Labanasem, Kecamatan Kabat, Kabupaten Banyuwangi",Banyuwangi,Jawa Timur,2008,,Baik Sekali,,https://poliwangi.ac.id/sejarah-singkat/
POLITEKNIK NEGERI BATAM,POLIBATAM,https://www.polibatam.ac.id,"Jl. Ahmad Yani, Batam Kota",Batam,Kepulauan Riau,2000,BLU,Baik Sekali,,https://www.polibatam.ac.id/di-penghujung-tahun-2022-kampus-politeknik-negeri-batam-sebagai-perguruan-tinggi-negeri-badan-layanan-umum-ptn-blu/
POLITEKNIK NEGERI BENGKALIS,POLBENG,https://www.polbeng.ac.id,"Jl. Bathin Alam, Desa Sungai Alam, Kecamatan Bengkalis",Bengkalis,Riau,2000,,Baik Sekali,,https://diskominfotik.bengkaliskab.go.id/web/detailberita/13614/polbeng-raih-akreditasi-baik-sekali-dari-banpt/to_top
POLITEKNIK NEGERI CILACAP,PNC,https://pnc.ac.id,,Cilacap,Jawa Tengah,2014,,Baik,,https://id.wikipedia.org/wiki/Politeknik_Negeri_Cilacap
POLITEKNIK NEGERI FAKFAK,POLINEF,https://www.polinef.ac.id,"Jalan Imam Bonjol Atas, Air-Merah Wagom",Fakfak,Papua Barat,2012,,Baik,,https://pemutu.kemdikbud.go.id/affiliations/detail/005037
POLITEKNIK NEGERI INDRAMAYU,POLINDRA,https://polindra.ac.id,"Jl. Raya Lohbener Lama, Desa Lohbener, Kecamatan Lohbener",Indramayu,Jawa Barat,2014,,Baik,,https://p4mp.polindra.ac.id/?page_id=71
POLITEKNIK NEGERI JAKARTA,PNJ,https://www.pnj.ac.id,"Jalan Prof. DR. G.A. Siwabessy, Kampus UI, Kukusan, Kec. Beji",Depok,Jawa Barat,1982,BLU,,,https://id.wikipedia.org/wiki/Politeknik_Negeri_Jakarta
POLITEKNIK NEGERI JEMBER,POLIJE,https://polije.ac.id,,Jember,Jawa Timur,1988,BLU,B,,https://www.polije.ac.id/polije-siap-bertransformasi-menjadi-satker-pkblu/
POLITEKNIK NEGERI KETAPANG,POLITAP,https://politap.ac.id,"Jalan Rangge Sentap, Desa Dalong, Kel. Sukaharja, Kec. Delta Pawan",Ketapang,Kalimantan Barat,2008,,,,https://id.wikipedia.org/wiki/Politeknik_Negeri_Ketapang
POLITEKNIK NEGERI KUPANG,PNK,https://www.pnk.ac.id,"Lasiana, Kecamatan Kelapa Lima",Kupang,Nusa Tenggara Timur,,B,,,https://kampusimpian.com/pnk-akreditasi-jurusan-biaya-kuliah-politeknik-negeri-kupang/
POLITEKNIK NEGERI LAMPUNG,POLINELA,http://polinela.ac.id,"Jl. Soekarno Hatta No.10, Rajabasa Raya, Kec. Rajabasa",Bandar Lampung,Lampung,1984,BLU,Baik Sekali,,https://blu.polinela.ac.id/politeknik-negeri-lampung-resmi-berstatus-badan-layanan-umum/
POLITEKNIK NEGERI LHOKSEUMAWE,PNL,http://www.pnl.ac.id,"Jl. Banda Aceh-Medan Km. 280,3, Buketrata, Mesjid Punteut, Blang Mangat",Lhokseumawe,Aceh,1985,,B,,https://id.wikipedia.org/wiki/Politeknik_Negeri_Lhokseumawe
POLITEKNIK NEGERI MADIUN,PNM,https://www.pnm.ac.id,"Jl. Serayu No. 84, Pandean",Madiun,Jawa Timur,,,Baik Sekali,,https://pnm.ac.id/files/tentang/Sertifikat_Akreditasi_Institusi_Politeknik_Negeri_Madiun.pdf
POLITEKNIK NEGERI MADURA,POLTERA,http://www.poltera.ac.id,"Jl. Raya Taddan Km. 4, Taddan, Camplong",Sampang,Jawa Timur,2012,,,,https://id.wikipedia.org/wiki/Politeknik_Negeri_Madura
POLITEKNIK NEGERI MALANG,POLINEMA,https://www.polinema.ac.id,Jalan Soekarno Hatta No. 9,Malang,Jawa Timur,1982,BLU,Unggul,,https://beritajatim.com/sempat-turun-akreditasi-jadi-b-polinema-kembali-raih-predikat-unggul-dari-ban-pt-pada-juni-2025
POLITEKNIK NEGERI MANADO,POLIMDO,http://polimdo.ac.id,"Jl. Raya Politeknik, Ds. Buha, Kec. Mapanget",Manado,Sulawesi Utara,1987,,B,,https://id.wikipedia.org/wiki/Politeknik_Negeri_Manado
POLITEKNIK NEGERI MEDAN,POLMED,https://polmed.ac.id,"Jl. Almamater No.1, Padang Bulan, Kec. Medan Baru",Medan,Sumatera Utara,1979,BLU,B,,https://cekkuliah.id/akreditasi-polmed/
POLITEKNIK NEGERI MEDIA KREATIF,POLIMEDIA,https://polimedia.ac.id,"Jalan Raya Srengseng Sawah, Jagakarsa",Jakarta Selatan,DKI Jakarta,2008,,Baik Sekali,,https://id.wikipedia.org/wiki/Politeknik_Negeri_Media_Kreatif
POLITEKNIK NEGERI NUNUKAN,PNN,https://pnn.ac.id,,Nunukan,Kalimantan Utara,2020,,,,https://id.wikipedia.org/wiki/Politeknik_Negeri_Nunukan
POLITEKNIK NEGERI NUSA UTARA,POLNUSTAR,https://www.polnustar.ac.id,"Jl. Kesehatan No.1, Kelurahan Sawang Bendar, Kecamatan Tahuna",Tahuna,Sulawesi Utara,,,,,https://id.wikipedia.org/wiki/Politeknik_Negeri_Nusa_Utara
POLITEKNIK NEGERI PADANG,PNP,https://www.pnp.ac.id/,"Jl. Kampus, Limau Manis, Kec. Pauh, Kota Padang, Sumatera Barat 25164",Padang,Sumatera Barat,1987,,Baik Sekali,https://commons.wikimedia.org/wiki/Special:FilePath/Logo_Politeknik_Negeri_Padang_(2014).svg,https://id.wikipedia.org/wiki/Politeknik_Negeri_Padang
POLITEKNIK NEGERI PONTIANAK,POLNEP,https://polnep.ac.id/,"Jalan Jenderal Ahmad Yani, Bansir Laut, Pontianak Tenggara, Kota Pontianak, Kalimantan Barat 78124",Pontianak,Kalimantan Barat,1987,BLU,B,,https://id.wikipedia.org/wiki/Politeknik_Negeri_Pontianak
POLITEKNIK NEGERI SAMARINDA,POLNES,https://www.polnes.ac.id/,"Jalan Dr. Cipto Mangunkusumo, Kecamatan Samarinda Seberang, Kota Samarinda, Kalimantan Timur",Samarinda,Kalimantan Timur,1985,Satker,B,,https://id.wikipedia.org/wiki/Politeknik_Negeri_Samarinda
POLITEKNIK NEGERI SAMBAS,POLTESA,https://poltesa.ac.id/,"Jl. Raya Sejangkung, Kawasan Pendidikan Tinggi Sambas, Kalimantan Barat 79400",Sambas,Kalimantan Barat,2013,,Baik,,https://poltesa.ac.id/
POLITEKNIK NEGERI SEMARANG,POLINES,https://www.polines.ac.id/,"Jalan Prof. H. Soedarto, S.H., Tembalang, Kec. Tembalang, Kota Semarang",Semarang,Jawa Tengah,1982,Satker,A,,https://id.wikipedia.org/wiki/Politeknik_Negeri_Semarang
POLITEKNIK NEGERI SRIWIJAYA,POLSRI,https://www.polsri.ac.id/,"Jl. Srijaya Negara, Bukit Besar, Palembang 30139",Palembang,Sumatera Selatan,1982,BLU,Baik Sekali,https://commons.wikimedia.org/wiki/Special:FilePath/Politeknik_Negeri_Sriwijaya_logo.svg,https://www.polsri.ac.id/profile-polsri/
POLITEKNIK NEGERI SUBANG,POLINDRA,https://polsub.ac.id/,"Jl. Brigjen Katamso No. 37 (Belakang RSUD Subang), Dangdeur, Kec. Subang, Kabupaten Subang, Jawa Barat 41211",Subang,Jawa Barat,2014,,Baik Sekali,,https://polsub.ac.id/
POLITEKNIK NEGERI TANAH LAUT,POLITALA,https://politala.ac.id/,"Jl. Ahmad Yani Km.06, Desa Panggung, Kecamatan Pelaihari",Pelaihari,Kalimantan Selatan,2009,,B,,https://politala.ac.id/sejarah/
POLITEKNIK NEGERI UJUNG PANDANG,PNUP,https://www.poliupg.ac.id/,"Jl. Perintis Kemerdekaan KM. 10, Tamalanrea, Makassar",Makassar,Sulawesi Selatan,1987,BLU,Baik Sekali,,https://id.wikipedia.org/wiki/Politeknik_Negeri_Ujung_Pandang
POLITEKNIK PERIKANAN NEGERI TUAL,POLIKANT,https://polikant.ac.id/,"Jln. Langgur-Sathean Km. 6, Kabupaten Maluku Tenggara 97611",Langgur,Maluku,1997,,Baik Sekali,,https://id.wikipedia.org/wiki/Politeknik_Perikanan_Negeri_Tual
POLITEKNIK PERKAPALAN NEGERI SURABAYA,PPNS,https://ppns.ac.id/,"Jl. Teknik Kimia, Kampus ITS, Keputih, Sukolilo, Surabaya, Jawa Timur",Surabaya,Jawa Timur,1987,,A,,https://ppns.ac.id/
POLITEKNIK PERTANIAN NEGERI KUPANG,PPNK,https://www.politanikoe.ac.id/,"Jalan Adi Sucipto, Penfui, Kupang",Kupang,Nusa Tenggara Timur,1985,,Baik,https://commons.wikimedia.org/wiki/Special:FilePath/LOGO_POLITEKNIK_PERTANIAN_NEGERI_KUPANG.jpg,https://id.wikipedia.org/wiki/Politeknik_Pertanian_Negeri_Kupang
POLITEKNIK PERTANIAN NEGERI PANGKAJENE KEPULAUAN,PPNP,https://polipangkep.ac.id/,"Tamarupa, Mandalle, Kabupaten Pangkajene dan Kepulauan, Sulawesi Selatan 90655",Pangkajene,Sulawesi Selatan,1984,,B,,https://polipangkep.ac.id/status-akreditasi/
POLITEKNIK PERTANIAN NEGERI PAYAKUMBUH,Politani Payakumbuh,https://ppnp.ac.id/,"Jalan Raya Negara KM. 7, Koto Tuo, Kecamatan Harau, Kabupaten Lima Puluh Kota, Sumatera Barat 26271",Lima Puluh Kota,Sumatera Barat,1989,,B,,https://ppnp.ac.id/
POLITEKNIK PERTANIAN NEGERI SAMARINDA,POLITANI SAMARINDA,https://politanisamarinda.ac.id/,"Sungai Keledang, Kec. Samarinda Seberang, Kota Samarinda, Kalimantan Timur 75242",Samarinda,Kalimantan Timur,1989,Satker,Baik Sekali,https://commons.wikimedia.org/wiki/Special:FilePath/Logo_Politeknik_Pertanian_Negeri_Samarinda.png,https://politanisamarinda.ac.id/page/profil
UNIVERSITAS AIRLANGGA,UNAIR,https://unair.ac.id/,"Jl. Airlangga No. 4-6, Mulyorejo, Surabaya 60115",Surabaya,Jawa Timur,1954,PTN-BH,Unggul,https://commons.wikimedia.org/wiki/Special:FilePath/Logo-Branding-UNAIR-biru.png,https://ppid.unair.ac.id/unair-pertahankan-akreditasi-unggul-dari-ban-pt/
UNIVERSITAS ANDALAS,UNAND,https://www.unand.ac.id/,"Limau Manis, Kecamatan Pauh, Kota Padang, Sumatera Barat",Padang,Sumatera Barat,1956,PTN-BH,Unggul,https://commons.wikimedia.org/wiki/Special:FilePath/Logo_Unand_PTN-BH.png,https://kompaspedia.kompas.id/baca/profil/lembaga/universitas-andalas
UNIVERSITAS BANGKA BELITUNG,UBB,https://www.ubb.ac.id/,"Kawasan Balun Ijuk, Kecamatan Merawang, Kabupaten Bangka, Kepulauan Bangka Belitung",Bangka,Kepulauan Bangka Belitung,2006,,B,,https://id.wikipedia.org/wiki/Universitas_Bangka_Belitung
UNIVERSITAS BENGKULU,UNIB,https://www.unib.ac.id/,"Jl. WR Supratman, Kandang Limun",Bengkulu,Bengkulu,1982,BLU,Unggul,,https://id.wikipedia.org/wiki/Universitas_Bengkulu
UNIVERSITAS BORNEO TARAKAN,UBT,https://www.ubt.ac.id/,"Jl. Amal Lama No. 1, Tarakan",Tarakan,Kalimantan Utara,1999,Satker,Baik Sekali,,https://id.wikipedia.org/wiki/Universitas_Borneo_Tarakan
UNIVERSITAS BRAWIJAYA,UB,https://www.ub.ac.id/,"Jl. Veteran, Malang",Malang,Jawa Timur,1963,PTN-BH,Unggul,,https://en.wikipedia.org/wiki/Brawijaya_University
UNIVERSITAS CENDERAWASIH,UNCEN,https://www.uncen.ac.id/,"Jl. Camp Wolker, Waena, Jayapura",Jayapura,Papua,1962,BLU,B,,https://id.wikipedia.org/wiki/Universitas_Cenderawasih
UNIVERSITAS DIPONEGORO,UNDIP,https://undip.ac.id/,"Jl. Prof. H. Soedarto, S.H., Kampus Tembalang, Kec. Tembalang",Semarang,Jawa Tengah,1957,PTN-BH,Unggul,,https://en.wikipedia.org/wiki/Diponegoro_University
UNIVERSITAS GADJAH MADA,UGM,https://ugm.ac.id/,"Bulaksumur, Caturtunggal, Kec. Depok, Kab. Sleman",Sleman,Daerah Istimewa Yogyakarta,1949,PTN-BH,Unggul,,https://ugm.ac.id/id/16-sejarah-universitas-gadjah-mada/
UNIVERSITAS HALUOLEO,UNHALU,,"Kampus Hijau Bumi Tridharma Anduonohu, Jl. HEA Mokodompit",Kendari,Sulawesi Tenggara,1981,BLU,B,,https://blu-djpb.kemenkeu.go.id/index.php?r=publication/blu/view&id=9
UNIVERSITAS HASANUDDIN,UNHAS,,"Jl. Perintis Kemerdekaan Km 10, Kec. Tamalanrea",Makassar,Sulawesi Selatan,1956,PTN-BH,Unggul,,https://sinta.kemdikbud.go.id/ptnbhanalytics/v2/affiliations/ptnbh
UNIVERSITAS INDONESIA,UI,https://www.ui.ac.id/,"Pondok Cina, Kec. Beji, Kota Depok, Jawa Barat 16424",Depok,Jawa Barat,1950,PTN-BH,Unggul,,https://id.wikipedia.org/wiki/Universitas_Indonesia
UNIVERSITAS ISLAM NEGERI ALAUDDIN,UIN ALAUDDIN,https://uin-alauddin.ac.id/,"Jl. H.M. Yasin Limpo No. 36, Samata, Kabupaten Gowa",Makassar,Sulawesi Selatan,1965,BLU,Unggul,,https://uin-alauddin.ac.id/
UNIVERSITAS ISLAM NEGERI ANTASARI BANJARMASIN,UIN BANJARMASIN,https://uin-antasari.ac.id/,"Jl. Ahmad Yani Km. 4,5, Banjarmasin",Banjarmasin,Kalimantan Selatan,1964,Satker,Unggul,,https://id.wikipedia.org/wiki/Universitas_Islam_Negeri_Antasari
UNIVERSITAS ISLAM NEGERI AR-RANIRY,UINI ARRANIRY,https://ar-raniry.ac.id/,"Jl. Syech Abdurrauf, Kopelma Darussalam, Kec. Syiah Kuala",Banda Aceh,Aceh,,BLU,Unggul,,https://uin.ar-raniry.ac.id/index.php/id/pages/profil-uin-ar-raniry
UNIVERSITAS ISLAM NEGERI DATOKARAMA PALU,UINDK,https://uindatokarama.ac.id/,"Jl. Diponegoro No. 23, Kel. Lere, Kec. Palu Barat",Palu,Sulawesi Tengah,2021,,Baik Sekali,,https://lpm.uindatokarama.ac.id/akreditasi
UNIVERSITAS ISLAM NEGERI IMAM BONJOL PADANG,UIN IB,https://uinib.ac.id/,"Jl. Jenderal Sudirman No. 15, Padang Pasir, Kec. Padang Barat",Padang,Sumatera Barat,1966,,B,,https://uinib.ac.id/akreditasi/
UNIVERSITAS ISLAM NEGERI JAKARTA,UIN JAKARTA,https://www.uinjkt.ac.id/,"Kecamatan Ciputat Timur, Kota Tangerang Selatan",Tangerang Selatan,Banten,1957,BLU,Unggul,,https://www.uinjkt.ac.id/
UNIVERSITAS ISLAM NEGERI MALANG,UIN MALANG,https://uin-malang.ac.id/,"Jl. Gajayana No. 50, Malang",Malang,Jawa Timur,2004,BLU,A,,https://uin-malang.ac.id/
UNIVERSITAS ISLAM NEGERI RADEN FATAH,UIN RF,https://radenfatah.ac.id/,"Jl. Prof. K.H. Zainal Abidin Fikri KM. 3,5, Palembang",Palembang,Sumatera Selatan,1964,,Unggul,,https://radenfatah.ac.id/index.php/akreditasi/
UNIVERSITAS ISLAM NEGERI RADEN INTAN LAMPUNG,UIN RIL,,"Jl. Endro Suratmin, Sukarame, Kota Bandar Lampung",Bandar Lampung,Lampung,2017,,Unggul,,https://www.gramedia.com/pendidikan/universitas/universitas-islam-negeri-raden-inten-lampung/
UNIVERSITAS ISLAM NEGERI RADEN MAS SAID SURAKARTA,UIN RMS,https://uinsaid.ac.id,"Jl. Pandawa, Pucangan, Kartasura, Kabupaten Sukoharjo, Jawa Tengah 57168",Sukoharjo,Jawa Tengah,1992,BLU,Unggul,,https://uinsaid.ac.id/berita/unduh-sertifikat-akreditasi-uin-raden-mas-said-surakarta
UNIVERSITAS ISLAM NEGERI SULTAN MAULANA HASANUDDIN BANTEN,UIN SHM,https://uinbanten.ac.id,"Jl. Jendral Sudirman No. 30, Ciceri, Kota Serang, Banten 42118",Serang,Banten,1961,BLU,B,,https://uinbanten.ac.id/profil/
UNIVERSITAS ISLAM NEGERI SULTAN SYARIF KASIM,UIN SUSKA,https://www.uin-suska.ac.id,"Jl. H.R. Soebrantas No. 155 Km 15, Simpang Baru, Tampan, Pekanbaru, Riau",Pekanbaru,Riau,1970,BLU,Unggul,,https://pb.uin-suska.ac.id/2024/10/19/uin-sultan-syarif-kasim-riau-raih-akreditasi-unggul-dari-ban-pt/
UNIVERSITAS ISLAM NEGERI SULTAN THAHA SAIFUDDIN JAMBI,UIN STS,https://uinjambi.ac.id,"Jl. Jambi-Ma. Bulian KM.16, Simpang Sungai Duren, Kab. Muaro Jambi, Jambi 36361",Jambi,Jambi,1967,BLU,Unggul,,https://uinjambi.ac.id/akreditasi/
UNIVERSITAS ISLAM NEGERI SUMATERA UTARA,UINSU,https://uinsu.ac.id,"Jl. William Iskandar Ps. V, Medan Estate, Kec. Percut Sei Tuan, Kab. Deli Serdang, Sumatera Utara 20371",Medan,Sumatera Utara,1973,BLU,Unggul,,https://kemenag.go.id/nasional/uin-sumatera-utara-raih-predikat-akreditasi-unggul-dari-ban-pt-9s0yq
UNIVERSITAS ISLAM NEGERI SUNAN AMPEL SURABAYA,UIN SUNAN AMPEL,https://www.uinsa.ac.id,"Jl. Ahmad Yani No. 117, Surabaya, Jawa Timur",Surabaya,Jawa Timur,1965,BLU,Unggul,,https://id.wikipedia.org/wiki/Universitas_Islam_Negeri_Sunan_Ampel
UNIVERSITAS ISLAM NEGERI SUNAN GUNUNG DJATI,UIN SGD,https://uinsgd.ac.id,"Jl. A.H. Nasution No. 105, Cipadung, Cibiru, Kota Bandung, Jawa Barat 40614",Bandung,Jawa Barat,1968,BLU,A,,https://uinsgd.ac.id/
UNIVERSITAS ISLAM NEGERI SUNAN KALIJAGA,UIN SUKA,https://www.uin-suka.ac.id,"Jl. Marsda Adisucipto No. 1, Kabupaten Sleman, D.I. Yogyakarta 55281",Sleman,D.I. Yogyakarta,1951,BLU,Unggul,,https://id.wikipedia.org/wiki/Universitas_Islam_Negeri_Sunan_Kalijaga
UNIVERSITAS ISLAM NEGERI WALISONGO,UIN WALISONGO,https://walisongo.ac.id,"Jl. Walisongo No. 3-5, Kota Semarang, Jawa Tengah",Semarang,Jawa Tengah,1970,,Unggul,,https://id.wikipedia.org/wiki/Universitas_Islam_Negeri_Walisongo
UNIVERSITAS JAMBI,UNJA,https://www.unja.ac.id,"Jl. Jambi-Muara Bulian KM.15, Mendalo Darat, Kec. Jambi Luar Kota, Kab. Muaro Jambi, Jambi",Jambi,Jambi,1963,BLU,Unggul,,https://www.unja.ac.id/universitas-jambi-raih-akreditasi-unggul-dari-ban-pt-berlaku-hingga-2029/
UNIVERSITAS JEMBER,UNEJ,https://unej.ac.id,"Jl. Kalimantan No. 37, Krajan Timur, Sumbersari, Kab. Jember, Jawa Timur",Jember,Jawa Timur,1964,BLU,Unggul,,https://unej.ac.id/id/universitas-jember-resmi-jadi-ptn-badan-layanan-umum/
UNIVERSITAS JENDERAL SOEDIRMAN,UNSOED,https://unsoed.ac.id,"Jl. Prof. Dr. HR. Boenjamin No. 708, Grendeng, Purwokerto, Jawa Tengah 53122",Purwokerto,Jawa Tengah,1963,BLU,A,,https://unsoed.ac.id/
UNIVERSITAS KHAIRUN,UNKHAIR,https://unkhair.ac.id,,Ternate,Maluku Utara,1964,BLU,,,https://unkhair.ac.id/unkhair-gelar-fgd-penguatan-pk-blu-dan-penyusunan-rba-2021/
UNIVERSITAS LAMBUNG MANGKURAT,ULM,https://ulm.ac.id,"Jl. Brigjen H. Hasan Basri, Pangeran, Kec. Banjarmasin Utara, Kota Banjarmasin, Kalimantan Selatan 70123",Banjarmasin,Kalimantan Selatan,1958,BLU,Unggul,,https://jejakrekam.com/2022/10/04/kini-berstatus-ptn-blu-ulm-bisa-bangun-rs-dan-naik-lagi-ke-level-ptn-bh/
UNIVERSITAS LAMPUNG,UNILA,https://www.unila.ac.id,"Jl. Prof. Dr. Ir. Sumantri Brojonegoro No. 1, Rajabasa, Bandar Lampung, Lampung 35145",Bandar Lampung,Lampung,1965,BLU,A,,https://lampung.tribunnews.com/lampung/1214549/unila-sabet-predikat-ptn-blu-terbaik-noimor-1-di-sumatera-versi-webometrics-juli-2026
UNIVERSITAS MALIKUSSALEH,UNIMA,https://www.unimal.ac.id,"Jln. Medan-Banda Aceh, Cot Tengku Nie, Reuleut, Muara Batu, Kabupaten Aceh Utara, Aceh",Aceh Utara,Aceh,1969,BLU,B,,https://news.unimal.ac.id/index/single/4790/universitas-malikussaleh-resmi-sebagai-ptn-blu
UNIVERSITAS MARITIM RAJA ALI HAJI,UMRAH,https://umrah.ac.id,,Tanjungpinang,Kepulauan Riau,2007,Satker,B,,https://umrah.ac.id/akademik/akreditas-insitusi-dan-prodi/
UNIVERSITAS MATARAM,UNRAM,https://unram.ac.id,"Jl. Majapahit No. 62, Gomong, Kec. Selaparang",Mataram,Nusa Tenggara Barat,1962,,Baik Sekali,,https://fkik.unram.ac.id/wp-content/uploads/2023/11/Sertifikat-Akreditasi-Universitas-Mataram-2023-2028.pdf
UNIVERSITAS MULAWARMAN,UNMUL,https://unmul.ac.id,"Jl. Kuaro, Gn. Kelua, Kec. Samarinda Ulu",Samarinda,Kalimantan Timur,1962,BLU,Baik Sekali,,https://pemutu.kemdikbud.go.id/affiliations/detail/001015
UNIVERSITAS MUSAMUS MERAUKE,UNMUS,,"Kamizaun Mopah Lama, Rimba Jaya, Distrik Merauke",Merauke,Papua Selatan,2001,,B,,https://kampusimpian.com/akreditasi-unmus-universitas-musamus-merauke/
UNIVERSITAS NEGERI GORONTALO,UNG,https://ung.ac.id,"Jl. Jend. Sudirman No. 6, Dulalowo Timur, Kota Tengah",Gorontalo,Gorontalo,1963,,Unggul,,https://buk.ung.ac.id/home/berita/universitas-negeri-gorontalo-telah-terakreditasi-unggul-ban-pt
UNIVERSITAS NEGERI JAKARTA,UNJ,https://unj.ac.id,"Jl. Rawamangun Muka Raya, Jakarta Timur",Jakarta Timur,DKI Jakarta,1964,PTN-BH,Unggul,,https://id.wikipedia.org/wiki/Universitas_Negeri_Jakarta
UNIVERSITAS NEGERI MAKASSAR,UNM,https://unm.ac.id,"Jl. A.P. Pettarani, Kampus Gunungsari Baru",Makassar,Sulawesi Selatan,1961,BLU,Unggul,,https://id.wikipedia.org/wiki/Universitas_Negeri_Makassar
UNIVERSITAS NEGERI MALANG,UM,https://um.ac.id,"Jl. Semarang No. 5, Kec. Lowokwaru",Malang,Jawa Timur,1954,PTN-BH,Unggul,,https://pemutu.kemdikbud.go.id/affiliations/detail/001033
UNIVERSITAS NEGERI MANADO,UNIMA,https://unima.ac.id,"Jl. Unima, Tataaran Patar, Tondano Selatan",Tondano,Sulawesi Utara,1955,BLU,Unggul,,https://unima.ac.id/berita/detail/unima-raih-akreditasi-unggul-menjelang-dies-natalis-ke-70
UNIVERSITAS NEGERI MEDAN,UNIMED,https://unimed.ac.id,"Jl. Willem Iskandar, Pasar V, Medan Estate, Percut Sei Tuan",Medan,Sumatera Utara,1963,BLU,A,,https://id.wikipedia.org/wiki/Universitas_Negeri_Medan
UNIVERSITAS NEGERI PADANG,UNP,https://unp.ac.id,"Jl. Prof. Dr. Hamka, Air Tawar",Padang,Sumatera Barat,1954,PTN-BH,Unggul,,https://id.wikipedia.org/wiki/Universitas_Negeri_Padang
UNIVERSITAS NEGERI SEMARANG,UNNES,https://unnes.ac.id,"Kampus Sekaran, Gunungpati",Semarang,Jawa Tengah,1965,PTN-BH,Unggul,,https://unnes.ac.id/unnes-kembali-raih-akreditasi-unggul-dari-ban-pt/
UNIVERSITAS NEGERI SURABAYA,UNESA,https://unesa.ac.id,"Jl. Ketintang, Kec. Gayungan",Surabaya,Jawa Timur,1964,PTN-BH,Unggul,,https://www.kompas.com/edu/read/2022/06/15/170834871/unesa-raih-akreditasi-unggul-dari-ban-pt
UNIVERSITAS NEGERI YOGYAKARTA,UNY,https://uny.ac.id,,Sleman,Daerah Istimewa Yogyakarta,1964,PTN-BH,Unggul,,https://www.nahdauniversity.org/akreditasi-uny/
UNIVERSITAS NUSA CENDANA,UNDANA,https://undana.ac.id,"Jl. Adisucipto, Penfui",Kupang,Nusa Tenggara Timur,1962,,Unggul,,https://undana.ac.id/en/2025/undana-resmi-raih-akreditasi-unggul-dari-ban-pt-komitmen-tingkatkan-mutu-pendidikan/
UNIVERSITAS PADJADJARAN,UNPAD,https://unpad.ac.id,Jatinangor,Sumedang,Jawa Barat,1957,PTN-BH,Unggul,,http://spm.unpad.ac.id/status-ban-pt-institusi/
UNIVERSITAS PALANGKARAYA,UPR,https://upr.ac.id,"Kampus Tunjung Nyaho, Jl. Yos Sudarso",Palangka Raya,Kalimantan Tengah,1963,,Baik Sekali,,https://upr.ac.id/accreditation/?lang=en
UNIVERSITAS PAPUA,UNIPA,https://unipa.ac.id,"Jl. Gunung Salju, Amban",Manokwari,Papua Barat,2000,,Baik Sekali,,https://www.unipa.ac.id/akademik/akreditasi
UNIVERSITAS PATTIMURA,UNPATTI,https://unpatti.ac.id,"Jl. Ir. M. Putuhena, Poka, Kec. Teluk Ambon",Ambon,Maluku,1963,,B,,https://unpatti.ac.id/akreditasi-universitas-pattimura/
UNIVERSITAS PENDIDIKAN GANESHA,UNDIKSHA,https://undiksha.ac.id,"Jl. Udayana No. 11, Singaraja",Singaraja,Bali,1962,PTN-BH,Unggul,,https://undiksha.ac.id/undiksha-raih-akreditasi-unggul/
UNIVERSITAS PENDIDIKAN INDONESIA,UPI,https://upi.edu,"Jl. Dr. Setiabudhi No. 229, Isola, Kec. Sukasari",Bandung,Jawa Barat,1954,,Unggul,,https://id.wikipedia.org/wiki/Universitas_Pendidikan_Indonesia
UNIVERSITAS RIAU,UNRI,https://unri.ac.id,"Kampus Bina Widya Km 12,5, Simpang Baru",Pekanbaru,Riau,1962,BLU,Unggul,,https://akademik.unri.ac.id/akreditasi/
UNIVERSITAS SAM RATULANGI,UNSRAT,https://unsrat.ac.id,Jl. Bahu,Manado,Sulawesi Utara,1951,BLU,Unggul,,https://www.unsrat.ac.id/akreditasi-unsrat/
UNIVERSITAS SAMUDRA,UNSAM,https://unsam.ac.id,"Jl. Meurandeh, Langsa Lama, Kota Langsa, Aceh 24416",Langsa,Aceh,1972,,Baik Sekali,,https://lp3m.unsam.ac.id/pages/akreditasi-institusi
UNIVERSITAS SEBELAS MARET,UNS,https://uns.ac.id,"Jl. Ir. Sutami No. 36, Kentingan, Jebres, Surakarta, Jawa Tengah 57126",Surakarta,Jawa Tengah,1976,PTN-BH,Unggul,,https://uns.ac.id/id/tentang-uns/profil-universitas
UNIVERSITAS SEMBILAN BELAS NOVEMBER KOLAKA,USN KOLAKA,https://usn.ac.id,"Jl. Pemuda No. 339, Kabupaten Kolaka, Sulawesi Tenggara 93517",Kolaka,Sulawesi Tenggara,1984,,Baik,,https://pemutu.kemdikbud.go.id/affiliations/detail/001055
UNIVERSITAS SILIWANGI,UNSIL,https://unsil.ac.id,"Jl. Siliwangi No. 24, Kahuripan, Tawang, Tasikmalaya, Jawa Barat 46115",Tasikmalaya,Jawa Barat,1980,BLU,Baik Sekali,,https://unsil.ac.id/akreditasi/
UNIVERSITAS SINGAPERBANGSA KARAWANG,UNSIKA,https://unsika.ac.id,"Jl. H.S. Ronggowaluyo, Puseurjaya, Telukjambe Timur, Karawang, Jawa Barat",Karawang,Jawa Barat,1982,,Baik Sekali,,https://pemutu.kemdikbud.go.id/affiliations/detail/001063
UNIVERSITAS SRIWIJAYA,UNSRI,https://unsri.ac.id,"Jl. Raya Palembang-Prabumulih Km. 32, Indralaya, Ogan Ilir, Sumatera Selatan 30662",Indralaya,Sumatera Selatan,1960,PTN-BH,Unggul,https://commons.wikimedia.org/wiki/File:Logo_Universitas_Sriwijaya.png,https://unsri.ac.id
UNIVERSITAS SULAWESI BARAT,UNSULBAR,https://unsulbar.ac.id,"Jl. Prof. Dr. Baharuddin Lopa, S.H., Baurung, Banggae Timur, Majene, Sulawesi Barat",Majene,Sulawesi Barat,2007,,Baik,,https://unsulbar.ac.id/sejarah/
UNIVERSITAS SULTAN AGENG TIRTAYASA,UNTIRTA,https://untirta.ac.id,"Jl. Raya Palka Km. 3, Panancangan, Cipocok Jaya, Kota Serang, Banten 42124",Serang,Banten,1981,,Unggul,,https://pemutu.kemdikbud.go.id/affiliations/detail/001042
UNIVERSITAS SUMATERA UTARA,USU,https://usu.ac.id,"Jl. Dr. T. Mansur No. 9, Padang Bulan, Kec. Medan Baru, Kota Medan, Sumatera Utara",Medan,Sumatera Utara,1952,PTN-BH,Unggul,https://commons.wikimedia.org/wiki/File:Logo_Universitas_Sumatera_Utara.svg,https://www.usu.ac.id/en/accreditation-achievement
UNIVERSITAS SYIAH KUALA,USK,https://usk.ac.id,"Jl. Teuku Nyak Arief, Kopelma Darussalam, Banda Aceh, Aceh 23111",Banda Aceh,Aceh,1961,PTN-BH,Unggul,https://commons.wikimedia.org/wiki/File:Unsyiah-logo.jpg,https://usk.ac.id/usk-berhasil-raih-akreditasi-unggul/
UNIVERSITAS TADULAKO,UNTAD,https://untad.ac.id,"Kampus Bumi Tadulako, Jl. Soekarno Hatta Km. 9, Tondo, Palu, Sulawesi Tengah",Palu,Sulawesi Tengah,1981,,Unggul,,https://pemutu.kemdikbud.go.id/affiliations/detail/001028
UNIVERSITAS TANJUNGPURA,UNTAN,https://untan.ac.id,"Jl. Prof. Dr. H. Hadari Nawawi, Bansir Laut, Pontianak Tenggara, Kota Pontianak, Kalimantan Barat 78124",Pontianak,Kalimantan Barat,1959,,Unggul,,https://www.detik.com/kalimantan/berita/d-8429975/daftar-prodi-universitas-tanjungpura-pontianak-serta-akreditasinya
UNIVERSITAS TERBUKA,UB SERANG,https://ut.ac.id,"Jl. Cabe Raya, Pondok Cabe, Pamulang, Tangerang Selatan, Banten",Tangerang Selatan,Banten,1984,BLU,Unggul,https://commons.wikimedia.org/wiki/File:Logo_Universitas_Terbuka.MP4.png,https://www.ut.ac.id/akreditasi/
UNIVERSITAS TEUKU UMAR,UTU,https://utu.ac.id,,Meulaboh,Aceh,,,,,https://new.utu.ac.id/akreditasi/
UNIVERSITAS TIDAR,UNTIDAR,https://untidar.ac.id,"Jl. Kapten Suparman No. 39, Potrobangsan, Magelang Utara, Kota Magelang, Jawa Tengah 56116",Magelang,Jawa Tengah,1979,,,,https://untidar.ac.id/sejarah/
UNIVERSITAS TIMOR,UNIMOR,https://unimor.ac.id,"Jl. El Tari Km. 09, Kelurahan Sasi, Kota Kefamenanu, Timor Tengah Utara, Nusa Tenggara Timur",Kefamenanu,Nusa Tenggara Timur,2000,,Baik Sekali,,https://unimor.ac.id/2025/12/kado-akhir-tahun-unimor-raih-akreditasi-baik-sekali-dari-ban-pt/
UNIVERSITAS TRUNOJOYO MADURA,UTM,https://trunojoyo.ac.id,"Jl. Raya Telang, Kamal, Bangkalan, Jawa Timur",Bangkalan,Jawa Timur,2001,BLU,Unggul,,https://www2.trunojoyo.ac.id/utm-menjadi-kampus-negeri-terakreditasi-unggul-dan-berstandar-internasional/
UNIVERSITAS UDAYANA,UNUD,https://unud.ac.id,"Jl. Kampus Unud Bukit Jimbaran, Jimbaran, Kuta Selatan, Badung, Bali",Badung,Bali,1962,BLU,Unggul,https://commons.wikimedia.org/wiki/File:Udayana_University_Logo.png,https://ptnbh.unud.ac.id/posts/unud-raih-akreditasi-unggul-bersiap-menuju-ptn-bh
UPN VETERAN JAKARTA,UPN JAKARTA,https://upnvj.ac.id,"Jl. RS Fatmawati, Pondok Labu, Cilandak, Jakarta Selatan 12450",Jakarta Selatan,DKI Jakarta,1963,,,,https://lp3m.upnvj.ac.id/accreditation-status/
UPN VETERAN JAWA TIMUR,UPN JATIM,https://upnjatim.ac.id,"Jl. Raya Rungkut Madya, Gunung Anyar, Surabaya, Jawa Timur",Surabaya,Jawa Timur,1959,BLU,Unggul,,https://tekmesin.upnjatim.ac.id/2025/02/18/upn-veteran-jawa-timur-terakreditasi-unggul/
UPN VETERAN YOGYAKARTA,UPN YOGYAKARTA,https://upnyk.ac.id,"Jl. SWK 104 (Lingkar Utara), Condongcatur, Depok, Sleman, D.I. Yogyakarta",Sleman,Daerah Istimewa Yogyakarta,1958,,Unggul,,https://www.upnyk.ac.id/berita/resmi-upn-veteran-yogyakarta-raih-akreditasi-unggul-dari-ban-pt-siap-berdaya-saing-global
